Date,AQI,City
2018-01-01,406,Delhi
2018-01-02,418,Delhi
2018-01-03,382,Delhi
2018-01-04,366,Delhi
2018-01-05,390,Delhi
2018-01-06,405,Delhi
2018-01-07,355,Delhi
2018-01-08,288,Delhi
2018-01-09,359,Delhi
2018-01-10,352,Delhi
2018-01-11,309,Delhi
2018-01-12,298,Delhi
2018-01-13,359,Delhi
2018-01-14,321,Delhi
2018-01-15,331,Delhi
2018-01-16,255,Delhi
2018-01-17,353,Delhi
2018-01-18,400,Delhi
2018-01-19,406,Delhi
2018-01-20,323,Delhi
2018-01-21,276,Delhi
2018-01-22,342,Delhi
2018-01-23,324,Delhi
2018-01-24,270,Delhi
2018-01-25,243,Delhi
2018-01-26,261,Delhi
2018-01-27,286,Delhi
2018-01-28,300,Delhi
2018-01-29,302,Delhi
2018-01-30,270,Delhi
2018-01-31,244,Delhi
2018-02-01,274,Delhi
2018-02-02,293,Delhi
2018-02-03,243,Delhi
2018-02-04,256,Delhi
2018-02-05,291,Delhi
2018-02-06,287,Delhi
2018-02-07,261,Delhi
2018-02-08,308,Delhi
2018-02-09,335,Delhi
2018-02-10,341,Delhi
2018-02-11,304,Delhi
2018-02-12,178,Delhi
2018-02-13,191,Delhi
2018-02-14,187,Delhi
2018-02-15,187,Delhi
2018-02-16,235,Delhi
2018-02-17,256,Delhi
2018-02-18,257,Delhi
2018-02-19,294,Delhi
2018-02-20,296,Delhi
2018-02-21,308,Delhi
2018-02-22,300,Delhi
2018-02-23,302,Delhi
2018-02-24,320,Delhi
2018-02-25,266,Delhi
2018-02-26,156,Delhi
2018-02-27,160,Delhi
2018-02-28,272,Delhi
2018-03-01,257,Delhi
2018-03-02,260,Delhi
2018-03-03,203,Delhi
2018-03-04,178,Delhi
2018-03-05,172,Delhi
2018-03-06,167,Delhi
2018-03-07,185,Delhi
2018-03-08,245,Delhi
2018-03-09,280,Delhi
2018-03-10,170,Delhi
2018-03-11,170,Delhi
2018-03-12,214,Delhi
2018-03-13,217,Delhi
2018-03-14,267,Delhi
2018-03-15,297,Delhi
2018-03-16,256,Delhi
2018-03-17,186,Delhi
2018-03-18,169,Delhi
2018-03-19,173,Delhi
2018-03-20,217,Delhi
2018-03-21,289,Delhi
2018-03-22,186,Delhi
2018-03-23,151,Delhi
2018-03-24,175,Delhi
2018-03-25,195,Delhi
2018-03-26,183,Delhi
2018-03-27,230,Delhi
2018-03-28,255,Delhi
2018-03-29,213,Delhi
2018-03-30,218,Delhi
2018-03-31,256,Delhi
2018-04-01,195,Delhi
2018-04-02,219,Delhi
2018-04-03,207,Delhi
2018-04-04,203,Delhi
2018-04-05,290,Delhi
2018-04-06,208,Delhi
2018-04-07,143,Delhi
2018-04-08,141,Delhi
2018-04-09,120,Delhi
2018-04-10,230,Delhi
2018-04-11,141,Delhi
2018-04-12,99,Delhi
2018-04-13,188,Delhi
2018-04-14,217,Delhi
2018-04-15,224,Delhi
2018-04-16,285,Delhi
2018-04-17,244,Delhi
2018-04-18,228,Delhi
2018-04-19,244,Delhi
2018-04-20,246,Delhi
2018-04-21,356,Delhi
2018-04-22,211,Delhi
2018-04-23,160,Delhi
2018-04-24,254,Delhi
2018-04-25,266,Delhi
2018-04-26,313,Delhi
2018-04-27,310,Delhi
2018-04-28,301,Delhi
2018-04-29,248,Delhi
2018-04-30,209,Delhi
2018-05-01,177,Delhi
2018-05-02,153,Delhi
2018-05-03,160,Delhi
2018-05-04,139,Delhi
2018-05-05,173,Delhi
2018-05-06,269,Delhi
2018-05-07,211,Delhi
2018-05-08,208,Delhi
2018-05-09,163,Delhi
2018-05-10,190,Delhi
2018-05-11,256,Delhi
2018-05-12,304,Delhi
2018-05-13,215,Delhi
2018-05-14,130,Delhi
2018-05-15,164,Delhi
2018-05-16,190,Delhi
2018-05-17,243,Delhi
2018-05-18,225,Delhi
2018-05-19,242,Delhi
2018-05-20,199,Delhi
2018-05-21,183,Delhi
2018-05-22,212,Delhi
2018-05-23,301,Delhi
2018-05-24,252,Delhi
2018-05-25,251,Delhi
2018-05-26,235,Delhi
2018-05-27,277,Delhi
2018-05-28,275,Delhi
2018-05-29,285,Delhi
2018-05-30,281,Delhi
2018-05-31,208,Delhi
2018-06-01,198,Delhi
2018-06-02,173,Delhi
2018-06-03,174,Delhi
2018-06-04,183,Delhi
2018-06-05,169,Delhi
2018-06-06,136,Delhi
2018-06-07,164,Delhi
2018-06-08,179,Delhi
2018-06-09,127,Delhi
2018-06-10,158,Delhi
2018-06-11,183,Delhi
2018-06-12,296,Delhi
2018-06-13,445,Delhi
2018-06-14,431,Delhi
2018-06-15,447,Delhi
2018-06-16,369,Delhi
2018-06-17,289,Delhi
2018-06-18,171,Delhi
2018-06-19,121,Delhi
2018-06-20,177,Delhi
2018-06-21,226,Delhi
2018-06-22,236,Delhi
2018-06-23,218,Delhi
2018-06-24,183,Delhi
2018-06-25,192,Delhi
2018-06-26,110,Delhi
2018-06-27,93,Delhi
2018-06-28,76,Delhi
2018-06-29,72,Delhi
2018-06-30,96,Delhi
2018-07-01,92,Delhi
2018-07-02,106,Delhi
2018-07-03,114,Delhi
2018-07-04,137,Delhi
2018-07-05,123,Delhi
2018-07-06,147,Delhi
2018-07-07,151,Delhi
2018-07-08,182,Delhi
2018-07-09,157,Delhi
2018-07-10,134,Delhi
2018-07-11,106,Delhi
2018-07-12,143,Delhi
2018-07-13,99,Delhi
2018-07-14,76,Delhi
2018-07-15,76,Delhi
2018-07-16,87,Delhi
2018-07-17,91,Delhi
2018-07-18,106,Delhi
2018-07-19,88,Delhi
2018-07-20,80,Delhi
2018-07-21,111,Delhi
2018-07-22,61,Delhi
2018-07-23,67,Delhi
2018-07-24,90,Delhi
2018-07-25,78,Delhi
2018-07-26,74,Delhi
2018-07-27,54,Delhi
2018-07-28,57,Delhi
2018-07-29,90,Delhi
2018-07-30,115,Delhi
2018-07-31,132,Delhi
2018-08-01,153,Delhi
2018-08-02,235,Delhi
2018-08-03,213,Delhi
2018-08-04,216,Delhi
2018-08-05,241,Delhi
2018-08-06,133,Delhi
2018-08-07,113,Delhi
2018-08-08,86,Delhi
2018-08-09,88,Delhi
2018-08-10,102,Delhi
2018-08-11,96,Delhi
2018-08-12,83,Delhi
2018-08-13,94,Delhi
2018-08-14,117,Delhi
2018-08-15,120,Delhi
2018-08-16,86,Delhi
2018-08-17,84,Delhi
2018-08-18,80,Delhi
2018-08-19,89,Delhi
2018-08-20,137,Delhi
2018-08-21,87,Delhi
2018-08-22,78,Delhi
2018-08-23,69,Delhi
2018-08-24,80,Delhi
2018-08-25,89,Delhi
2018-08-26,78,Delhi
2018-08-27,62,Delhi
2018-08-28,71,Delhi
2018-08-29,68,Delhi
2018-08-30,78,Delhi
2018-08-31,127,Delhi
2018-09-01,114,Delhi
2018-09-02,106,Delhi
2018-09-03,73,Delhi
2018-09-04,112,Delhi
2018-09-05,90,Delhi
2018-09-06,137,Delhi
2018-09-07,91,Delhi
2018-09-08,86,Delhi
2018-09-09,61,Delhi
2018-09-10,84,Delhi
2018-09-11,79,Delhi
2018-09-12,90,Delhi
2018-09-13,103,Delhi
2018-09-14,102,Delhi
2018-09-15,118,Delhi
2018-09-16,121,Delhi
2018-09-17,135,Delhi
2018-09-18,150,Delhi
2018-09-19,154,Delhi
2018-09-20,164,Delhi
2018-09-21,143,Delhi
2018-09-22,54,Delhi
2018-09-23,62,Delhi
2018-09-24,52,Delhi
2018-09-25,55,Delhi
2018-09-26,88,Delhi
2018-09-27,151,Delhi
2018-09-28,197,Delhi
2018-09-29,219,Delhi
2018-09-30,158,Delhi
2018-10-01,148,Delhi
2018-10-02,202,Delhi
2018-10-03,143,Delhi
2018-10-04,201,Delhi
2018-10-05,256,Delhi
2018-10-06,209,Delhi
2018-10-07,181,Delhi
2018-10-08,246,Delhi
2018-10-09,251,Delhi
2018-10-10,241,Delhi
2018-10-11,210,Delhi
2018-10-12,154,Delhi
2018-10-13,262,Delhi
2018-10-14,204,Delhi
2018-10-15,246,Delhi
2018-10-16,291,Delhi
2018-10-17,313,Delhi
2018-10-18,297,Delhi
2018-10-19,276,Delhi
2018-10-20,326,Delhi
2018-10-21,292,Delhi
2018-10-22,272,Delhi
2018-10-23,254,Delhi
2018-10-24,328,Delhi
2018-10-25,331,Delhi
2018-10-26,361,Delhi
2018-10-27,350,Delhi
2018-10-28,366,Delhi
2018-10-29,367,Delhi
2018-10-30,401,Delhi
2018-10-31,358,Delhi
2018-11-01,393,Delhi
2018-11-02,370,Delhi
2018-11-03,340,Delhi
2018-11-04,171,Delhi
2018-11-05,426,Delhi
2018-11-06,338,Delhi
2018-11-07,281,Delhi
2018-11-08,390,Delhi
2018-11-09,423,Delhi
2018-11-10,401,Delhi
2018-11-11,405,Delhi
2018-11-12,399,Delhi
2018-11-13,409,Delhi
2018-11-14,312,Delhi
2018-11-15,217,Delhi
2018-11-16,285,Delhi
2018-11-17,267,Delhi
2018-11-18,311,Delhi
2018-11-19,330,Delhi
2018-11-20,374,Delhi
2018-11-21,374,Delhi
2018-11-22,273,Delhi
2018-11-23,337,Delhi
2018-11-24,249,Delhi
2018-11-25,262,Delhi
2018-11-26,336,Delhi
2018-11-27,352,Delhi
2018-11-28,316,Delhi
2018-11-29,358,Delhi
2018-11-30,352,Delhi
2018-12-01,306,Delhi
2018-12-02,297,Delhi
2018-12-03,328,Delhi
2018-12-04,356,Delhi
2018-12-05,331,Delhi
2018-12-06,349,Delhi
2018-12-07,348,Delhi
2018-12-08,347,Delhi
2018-12-09,374,Delhi
2018-12-10,403,Delhi
2018-12-11,413,Delhi
2018-12-12,392,Delhi
2018-12-13,194,Delhi
2018-12-14,249,Delhi
2018-12-15,261,Delhi
2018-12-16,282,Delhi
2018-12-17,337,Delhi
2018-12-18,353,Delhi
2018-12-19,353,Delhi
2018-12-20,394,Delhi
2018-12-21,386,Delhi
2018-12-22,421,Delhi
2018-12-23,450,Delhi
2018-12-24,448,Delhi
2018-12-25,409,Delhi
2018-12-26,384,Delhi
2018-12-27,399,Delhi
2018-12-28,392,Delhi
2018-12-29,385,Delhi
2018-12-30,415,Delhi
2018-12-31,420,Delhi
2019-01-01,393,Delhi
2019-01-02,430,Delhi
2019-01-03,444,Delhi
2019-01-04,386,Delhi
2019-01-05,407,Delhi
2019-01-06,336,Delhi
2019-01-07,333,Delhi
2019-01-08,320,Delhi
2019-01-09,288,Delhi
2019-01-10,292,Delhi
2019-01-11,371,Delhi
2019-01-12,423,Delhi
2019-01-13,414,Delhi
2019-01-14,247,Delhi
2019-01-15,237,Delhi
2019-01-16,371,Delhi
2019-01-17,440,Delhi
2019-01-18,397,Delhi
2019-01-19,378,Delhi
2019-01-20,404,Delhi
2019-01-21,346,Delhi
2019-01-22,104,Delhi
2019-01-23,212,Delhi
2019-01-24,311,Delhi
2019-01-25,151,Delhi
2019-01-26,233,Delhi
2019-01-27,262,Delhi
2019-01-28,267,Delhi
2019-01-29,276,Delhi
2019-01-30,327,Delhi
2019-01-31,359,Delhi
2019-02-01,306,Delhi
2019-02-02,332,Delhi
2019-02-03,289,Delhi
2019-02-04,288,Delhi
2019-02-05,382,Delhi
2019-02-06,352,Delhi
2019-02-07,176,Delhi
2019-02-08,144,Delhi
2019-02-09,158,Delhi
2019-02-10,276,Delhi
2019-02-11,309,Delhi
2019-02-12,342,Delhi
2019-02-13,367,Delhi
2019-02-14,340,Delhi
2019-02-15,245,Delhi
2019-02-16,276,Delhi
2019-02-17,222,Delhi
2019-02-18,255,Delhi
2019-02-19,221,Delhi
2019-02-20,271,Delhi
2019-02-21,144,Delhi
2019-02-22,186,Delhi
2019-02-23,113,Delhi
2019-02-24,190,Delhi
2019-02-25,217,Delhi
2019-02-26,116,Delhi
2019-02-27,100,Delhi
2019-02-28,170,Delhi
2019-03-01,225,Delhi
2019-03-02,217,Delhi
2019-03-03,117,Delhi
2019-03-04,234,Delhi
2019-03-05,140,Delhi
2019-03-06,186,Delhi
2019-03-07,217,Delhi
2019-03-08,197,Delhi
2019-03-09,187,Delhi
2019-03-10,160,Delhi
2019-03-11,187,Delhi
2019-03-12,134,Delhi
2019-03-13,178,Delhi
2019-03-14,266,Delhi
2019-03-15,154,Delhi
2019-03-16,139,Delhi
2019-03-17,192,Delhi
2019-03-18,196,Delhi
2019-03-19,216,Delhi
2019-03-20,208,Delhi
2019-03-21,242,Delhi
2019-03-22,114,Delhi
2019-03-23,132,Delhi
2019-03-24,121,Delhi
2019-03-25,139,Delhi
2019-03-26,159,Delhi
2019-03-27,171,Delhi
2019-03-28,234,Delhi
2019-03-29,232,Delhi
2019-03-30,233,Delhi
2019-03-31,182,Delhi
2019-04-01,151,Delhi
2019-04-02,198,Delhi
2019-04-03,187,Delhi
2019-04-04,254,Delhi
2019-04-05,264,Delhi
2019-04-06,266,Delhi
2019-04-07,302,Delhi
2019-04-08,264,Delhi
2019-04-09,204,Delhi
2019-04-10,238,Delhi
2019-04-11,183,Delhi
2019-04-12,212,Delhi
2019-04-13,170,Delhi
2019-04-14,137,Delhi
2019-04-15,168,Delhi
2019-04-16,180,Delhi
2019-04-17,84,Delhi
2019-04-18,114,Delhi
2019-04-19,157,Delhi
2019-04-20,198,Delhi
2019-04-21,203,Delhi
2019-04-22,236,Delhi
2019-04-23,247,Delhi
2019-04-24,221,Delhi
2019-04-25,251,Delhi
2019-04-26,215,Delhi
2019-04-27,256,Delhi
2019-04-28,264,Delhi
2019-04-29,248,Delhi
2019-04-30,250,Delhi
2019-05-01,295,Delhi
2019-05-02,257,Delhi
2019-05-03,183,Delhi
2019-05-04,182,Delhi
2019-05-05,227,Delhi
2019-05-06,249,Delhi
2019-05-07,294,Delhi
2019-05-08,357,Delhi
2019-05-09,347,Delhi
2019-05-10,277,Delhi
2019-05-11,251,Delhi
2019-05-12,334,Delhi
2019-05-13,322,Delhi
2019-05-14,153,Delhi
2019-05-15,186,Delhi
2019-05-16,187,Delhi
2019-05-17,265,Delhi
2019-05-18,105,Delhi
2019-05-19,185,Delhi
2019-05-20,206,Delhi
2019-05-21,190,Delhi
2019-05-22,158,Delhi
2019-05-23,223,Delhi
2019-05-24,123,Delhi
2019-05-25,121,Delhi
2019-05-26,142,Delhi
2019-05-27,160,Delhi
2019-05-28,177,Delhi
2019-05-29,185,Delhi
2019-05-30,218,Delhi
2019-05-31,280,Delhi
2019-06-01,264,Delhi
2019-06-02,201,Delhi
2019-06-03,261,Delhi
2019-06-04,169,Delhi
2019-06-05,192,Delhi
2019-06-06,206,Delhi
2019-06-07,173,Delhi
2019-06-08,181,Delhi
2019-06-09,239,Delhi
2019-06-10,207,Delhi
2019-06-11,307,Delhi
2019-06-12,233,Delhi
2019-06-13,175,Delhi
2019-06-14,171,Delhi
2019-06-15,224,Delhi
2019-06-16,178,Delhi
2019-06-17,123,Delhi
2019-06-18,97,Delhi
2019-06-19,199,Delhi
2019-06-20,141,Delhi
2019-06-21,177,Delhi
2019-06-22,189,Delhi
2019-06-23,148,Delhi
2019-06-24,109,Delhi
2019-06-25,133,Delhi
2019-06-26,162,Delhi
2019-06-27,184,Delhi
2019-06-28,191,Delhi
2019-06-29,231,Delhi
2019-06-30,237,Delhi
2019-07-01,183,Delhi
2019-07-02,218,Delhi
2019-07-03,136,Delhi
2019-07-04,103,Delhi
2019-07-05,106,Delhi
2019-07-06,88,Delhi
2019-07-07,91,Delhi
2019-07-08,127,Delhi
2019-07-09,126,Delhi
2019-07-10,148,Delhi
2019-07-11,317,Delhi
2019-07-12,272,Delhi
2019-07-13,275,Delhi
2019-07-14,235,Delhi
2019-07-15,168,Delhi
2019-07-16,93,Delhi
2019-07-17,73,Delhi
2019-07-18,85,Delhi
2019-07-19,145,Delhi
2019-07-20,124,Delhi
2019-07-21,108,Delhi
2019-07-22,112,Delhi
2019-07-23,148,Delhi
2019-07-24,164,Delhi
2019-07-25,78,Delhi
2019-07-26,81,Delhi
2019-07-27,61,Delhi
2019-07-28,64,Delhi
2019-07-29,65,Delhi
2019-07-30,80,Delhi
2019-07-31,80,Delhi
2019-08-01,89,Delhi
2019-08-02,84,Delhi
2019-08-03,89,Delhi
2019-08-04,87,Delhi
2019-08-05,105,Delhi
2019-08-06,76,Delhi
2019-08-07,75,Delhi
2019-08-08,79,Delhi
2019-08-09,75,Delhi
2019-08-10,59,Delhi
2019-08-11,68,Delhi
2019-08-12,57,Delhi
2019-08-13,69,Delhi
2019-08-14,63,Delhi
2019-08-15,75,Delhi
2019-08-16,53,Delhi
2019-08-17,49,Delhi
2019-08-18,49,Delhi
2019-08-19,81,Delhi
2019-08-20,97,Delhi
2019-08-21,109,Delhi
2019-08-22,123,Delhi
2019-08-23,129,Delhi
2019-08-24,147,Delhi
2019-08-25,91,Delhi
2019-08-26,66,Delhi
2019-08-27,117,Delhi
2019-08-28,105,Delhi
2019-08-29,91,Delhi
2019-08-30,101,Delhi
2019-08-31,114,Delhi
2019-09-01,108,Delhi
2019-09-02,96,Delhi
2019-09-03,141,Delhi
2019-09-04,173,Delhi
2019-09-05,95,Delhi
2019-09-06,90,Delhi
2019-09-07,82,Delhi
2019-09-08,77,Delhi
2019-09-09,108,Delhi
2019-09-10,137,Delhi
2019-09-11,168,Delhi
2019-09-12,151,Delhi
2019-09-13,86,Delhi
2019-09-14,72,Delhi
2019-09-15,72,Delhi
2019-09-16,105,Delhi
2019-09-17,135,Delhi
2019-09-18,110,Delhi
2019-09-19,66,Delhi
2019-09-20,90,Delhi
2019-09-21,114,Delhi
2019-09-22,67,Delhi
2019-09-23,83,Delhi
2019-09-24,94,Delhi
2019-09-25,90,Delhi
2019-09-26,74,Delhi
2019-09-27,63,Delhi
2019-09-28,67,Delhi
2019-09-29,60,Delhi
2019-09-30,68,Delhi
2019-10-01,93,Delhi
2019-10-02,90,Delhi
2019-10-03,136,Delhi
2019-10-04,100,Delhi
2019-10-05,98,Delhi
2019-10-06,127,Delhi
2019-10-07,130,Delhi
2019-10-08,112,Delhi
2019-10-09,173,Delhi
2019-10-10,211,Delhi
2019-10-11,216,Delhi
2019-10-12,222,Delhi
2019-10-13,270,Delhi
2019-10-14,252,Delhi
2019-10-15,270,Delhi
2019-10-16,304,Delhi
2019-10-17,284,Delhi
2019-10-18,248,Delhi
2019-10-19,161,Delhi
2019-10-20,238,Delhi
2019-10-21,249,Delhi
2019-10-22,207,Delhi
2019-10-23,242,Delhi
2019-10-24,311,Delhi
2019-10-25,284,Delhi
2019-10-26,287,Delhi
2019-10-27,337,Delhi
2019-10-28,368,Delhi
2019-10-29,400,Delhi
2019-10-30,419,Delhi
2019-10-31,410,Delhi
2019-11-01,484,Delhi
2019-11-02,399,Delhi
2019-11-03,494,Delhi
2019-11-04,407,Delhi
2019-11-05,324,Delhi
2019-11-06,214,Delhi
2019-11-07,309,Delhi
2019-11-08,330,Delhi
2019-11-09,283,Delhi
2019-11-10,321,Delhi
2019-11-11,360,Delhi
2019-11-12,425,Delhi
2019-11-13,456,Delhi
2019-11-14,463,Delhi
2019-11-15,458,Delhi
2019-11-16,357,Delhi
2019-11-17,215,Delhi
2019-11-18,214,Delhi
2019-11-19,242,Delhi
2019-11-20,301,Delhi
2019-11-21,366,Delhi
2019-11-22,360,Delhi
2019-11-23,312,Delhi
2019-11-24,234,Delhi
2019-11-25,252,Delhi
2019-11-26,270,Delhi
2019-11-27,134,Delhi
2019-11-28,106,Delhi
2019-11-29,84,Delhi
2019-11-30,193,Delhi
2019-12-01,250,Delhi
2019-12-02,279,Delhi
2019-12-03,282,Delhi
2019-12-04,296,Delhi
2019-12-05,382,Delhi
2019-12-06,404,Delhi
2019-12-07,371,Delhi
2019-12-08,391,Delhi
2019-12-09,343,Delhi
2019-12-10,369,Delhi
2019-12-11,408,Delhi
2019-12-12,430,Delhi
2019-12-13,240,Delhi
2019-12-14,163,Delhi
2019-12-15,213,Delhi
2019-12-16,186,Delhi
2019-12-17,168,Delhi
2019-12-18,292,Delhi
2019-12-19,362,Delhi
2019-12-20,432,Delhi
2019-12-21,418,Delhi
2019-12-22,322,Delhi
2019-12-23,327,Delhi
2019-12-24,383,Delhi
2019-12-25,350,Delhi
2019-12-26,349,Delhi
2019-12-27,373,Delhi
2019-12-28,409,Delhi
2019-12-29,431,Delhi
2019-12-30,446,Delhi
2019-12-31,387,Delhi
2020-01-01,437,Delhi
2020-01-02,417,Delhi
2020-01-03,352,Delhi
2020-01-04,334,Delhi
2020-01-05,330,Delhi
2020-01-06,325,Delhi
2020-01-07,254,Delhi
2020-01-08,266,Delhi
2020-01-09,203,Delhi
2020-01-10,255,Delhi
2020-01-11,288,Delhi
2020-01-12,348,Delhi
2020-01-13,366,Delhi
2020-01-14,283,Delhi
2020-01-15,218,Delhi
2020-01-16,281,Delhi
2020-01-17,265,Delhi
2020-01-18,243,Delhi
2020-01-19,277,Delhi
2020-01-20,269,Delhi
2020-01-21,364,Delhi
2020-01-22,370,Delhi
2020-01-23,211,Delhi
2020-01-24,151,Delhi
2020-01-25,250,Delhi
2020-01-26,325,Delhi
2020-01-27,345,Delhi
2020-01-28,243,Delhi
2020-01-29,194,Delhi
2020-01-30,202,Delhi
2020-01-31,190,Delhi
2020-02-01,232,Delhi
2020-02-02,244,Delhi
2020-02-03,270,Delhi
2020-02-04,310,Delhi
2020-02-05,312,Delhi
2020-02-06,231,Delhi
2020-02-07,295,Delhi
2020-02-08,289,Delhi
2020-02-09,285,Delhi
2020-02-10,309,Delhi
2020-02-11,323,Delhi
2020-02-12,320,Delhi
2020-02-13,241,Delhi
2020-02-14,173,Delhi
2020-02-15,167,Delhi
2020-02-16,247,Delhi
2020-02-17,293,Delhi
2020-02-18,252,Delhi
2020-02-19,272,Delhi
2020-02-20,230,Delhi
2020-02-21,144,Delhi
2020-02-22,100,Delhi
2020-02-23,225,Delhi
2020-02-24,142,Delhi
2020-02-25,249,Delhi
2020-02-26,274,Delhi
2020-02-27,233,Delhi
2020-02-28,198,Delhi
2020-03-01,90,Delhi
2020-03-02,205,Delhi
2020-03-03,205,Delhi
2020-03-04,195,Delhi
2020-03-05,79,Delhi
2020-03-06,64,Delhi
2020-03-07,67,Delhi
2020-03-08,164,Delhi
2020-03-09,123,Delhi
2020-03-10,188,Delhi
2020-03-11,116,Delhi
2020-03-12,127,Delhi
2020-03-13,173,Delhi
2020-03-14,108,Delhi
2020-03-15,131,Delhi
2020-03-16,139,Delhi
2020-03-17,157,Delhi
2020-03-18,151,Delhi
2020-03-19,186,Delhi
2020-03-20,192,Delhi
2020-03-21,186,Delhi
2020-03-22,191,Delhi
2020-03-23,124,Delhi
2020-03-24,122,Delhi
2020-03-25,77,Delhi
2020-03-26,92,Delhi
2020-03-27,69,Delhi
2020-03-28,45,Delhi
2020-03-29,62,Delhi
2020-03-30,71,Delhi
2020-03-31,76,Delhi
2020-04-01,73,Delhi
2020-04-02,69,Delhi
2020-04-03,79,Delhi
2020-04-04,87,Delhi
2020-04-05,102,Delhi
2020-04-06,142,Delhi
2020-04-07,90,Delhi
2020-04-08,83,Delhi
2020-04-09,86,Delhi
2020-04-10,118,Delhi
2020-04-11,124,Delhi
2020-04-12,94,Delhi
2020-04-13,126,Delhi
2020-04-14,130,Delhi
2020-04-15,155,Delhi
2020-04-16,180,Delhi
2020-04-17,105,Delhi
2020-04-18,98,Delhi
2020-04-19,85,Delhi
2020-04-20,119,Delhi
2020-04-21,87,Delhi
2020-04-22,131,Delhi
2020-04-23,122,Delhi
2020-04-24,139,Delhi
2020-04-25,98,Delhi
2020-04-26,117,Delhi
2020-04-27,89,Delhi
2020-04-28,100,Delhi
2020-04-29,125,Delhi
2020-04-30,138,Delhi
2020-05-01,146,Delhi
2020-05-02,112,Delhi
2020-05-03,93,Delhi
2020-05-04,94,Delhi
2020-05-05,119,Delhi
2020-05-06,139,Delhi
2020-05-07,127,Delhi
2020-05-08,134,Delhi
2020-05-09,144,Delhi
2020-05-10,121,Delhi
2020-05-11,116,Delhi
2020-05-12,125,Delhi
2020-05-13,150,Delhi
2020-05-14,149,Delhi
2020-05-15,123,Delhi
2020-05-16,179,Delhi
2020-05-17,200,Delhi
2020-05-18,206,Delhi
2020-05-19,212,Delhi
2020-05-20,166,Delhi
2020-05-21,147,Delhi
2020-05-22,199,Delhi
2020-05-23,181,Delhi
2020-05-24,172,Delhi
2020-05-25,153,Delhi
2020-05-26,154,Delhi
2020-05-27,156,Delhi
2020-05-28,188,Delhi
2020-05-29,101,Delhi
2020-05-30,78,Delhi
2020-05-31,72,Delhi
2020-06-01,104,Delhi
2020-06-02,124,Delhi
2020-06-03,122,Delhi
2020-06-04,153,Delhi
2020-06-05,111,Delhi
2020-06-06,102,Delhi
2020-06-07,107,Delhi
2020-06-08,108,Delhi
2020-06-09,139,Delhi
2020-06-10,152,Delhi
2020-06-11,141,Delhi
2020-06-12,153,Delhi
2020-06-13,123,Delhi
2020-06-14,154,Delhi
2020-06-15,115,Delhi
2020-06-16,118,Delhi
2020-06-17,109,Delhi
2020-06-18,95,Delhi
2020-06-19,148,Delhi
2020-06-20,149,Delhi
2020-06-21,98,Delhi
2020-06-22,92,Delhi
2020-06-23,76,Delhi
2020-06-24,66,Delhi
2020-06-25,85,Delhi
2020-06-26,105,Delhi
2020-06-27,108,Delhi
2020-06-28,209,Delhi
2020-06-29,230,Delhi
2020-06-30,102,Delhi
2020-07-01,117,Delhi
2020-07-02,127,Delhi
2020-07-03,156,Delhi
2020-07-04,105,Delhi
2020-07-05,90,Delhi
2020-07-06,90,Delhi
2020-07-07,65,Delhi
2020-07-08,51,Delhi
2020-07-09,78,Delhi
2020-07-10,67,Delhi
2020-07-11,68,Delhi
2020-07-12,71,Delhi
2020-07-13,72,Delhi
2020-07-14,127,Delhi
2020-07-15,124,Delhi
2020-07-16,72,Delhi
2020-07-17,79,Delhi
2020-07-18,92,Delhi
2020-07-19,65,Delhi
2020-07-20,60,Delhi
2020-07-21,61,Delhi
2020-07-22,59,Delhi
2020-07-23,65,Delhi
2020-07-24,100,Delhi
2020-07-25,67,Delhi
2020-07-26,78,Delhi
2020-07-27,100,Delhi
2020-07-28,72,Delhi
2020-07-29,90,Delhi
2020-07-30,55,Delhi
2020-07-31,75,Delhi
2020-08-01,81,Delhi
2020-08-02,61,Delhi
2020-08-03,67,Delhi
2020-08-04,62,Delhi
2020-08-05,86,Delhi
2020-08-06,69,Delhi
2020-08-07,54,Delhi
2020-08-08,87,Delhi
2020-08-09,74,Delhi
2020-08-10,72,Delhi
2020-08-11,75,Delhi
2020-08-12,63,Delhi
2020-08-13,50,Delhi
2020-08-14,58,Delhi
2020-08-15,67,Delhi
2020-08-16,52,Delhi
2020-08-17,66,Delhi
2020-08-18,72,Delhi
2020-08-19,57,Delhi
2020-08-20,50,Delhi
2020-08-21,57,Delhi
2020-08-22,53,Delhi
2020-08-23,53,Delhi
2020-08-24,45,Delhi
2020-08-25,61,Delhi
2020-08-26,57,Delhi
2020-08-27,64,Delhi
2020-08-28,79,Delhi
2020-08-29,77,Delhi
2020-08-30,70,Delhi
2020-08-31,41,Delhi
2020-09-01,53,Delhi
2020-09-02,69,Delhi
2020-09-03,84,Delhi
2020-09-04,82,Delhi
2020-09-05,101,Delhi
2020-09-06,70,Delhi
2020-09-07,93,Delhi
2020-09-08,79,Delhi
2020-09-09,105,Delhi
2020-09-10,108,Delhi
2020-09-11,136,Delhi
2020-09-12,144,Delhi
2020-09-13,142,Delhi
2020-09-14,152,Delhi
2020-09-15,144,Delhi
2020-09-16,151,Delhi
2020-09-17,120,Delhi
2020-09-18,108,Delhi
2020-09-19,118,Delhi
2020-09-20,148,Delhi
2020-09-21,142,Delhi
2020-09-22,115,Delhi
2020-09-23,76,Delhi
2020-09-24,104,Delhi
2020-09-25,143,Delhi
2020-09-26,165,Delhi
2020-09-27,117,Delhi
2020-09-28,159,Delhi
2020-09-29,177,Delhi
2020-09-30,156,Delhi
2020-10-01,152,Delhi
2020-10-02,180,Delhi
2020-10-03,189,Delhi
2020-10-04,184,Delhi
2020-10-05,179,Delhi
2020-10-06,178,Delhi
2020-10-07,215,Delhi
2020-10-08,208,Delhi
2020-10-09,202,Delhi
2020-10-10,221,Delhi
2020-10-11,216,Delhi
2020-10-12,261,Delhi
2020-10-13,300,Delhi
2020-10-14,276,Delhi
2020-10-15,312,Delhi
2020-10-16,237,Delhi
2020-10-17,287,Delhi
2020-10-18,254,Delhi
2020-10-19,244,Delhi
2020-10-20,223,Delhi
2020-10-21,256,Delhi
2020-10-22,296,Delhi
2020-10-23,366,Delhi
2020-10-24,345,Delhi
2020-10-25,349,Delhi
2020-10-26,353,Delhi
2020-10-27,312,Delhi
2020-10-28,297,Delhi
2020-10-29,395,Delhi
2020-10-30,374,Delhi
2020-10-31,367,Delhi
2020-11-01,364,Delhi
2020-11-02,293,Delhi
2020-11-03,302,Delhi
2020-11-04,343,Delhi
2020-11-05,450,Delhi
2020-11-06,406,Delhi
2020-11-07,427,Delhi
2020-11-08,416,Delhi
2020-11-09,477,Delhi
2020-11-10,476,Delhi
2020-11-11,344,Delhi
2020-11-12,314,Delhi
2020-11-13,339,Delhi
2020-11-14,414,Delhi
2020-11-15,435,Delhi
2020-11-16,221,Delhi
2020-11-17,171,Delhi
2020-11-18,211,Delhi
2020-11-19,283,Delhi
2020-11-20,296,Delhi
2020-11-21,251,Delhi
2020-11-22,274,Delhi
2020-11-23,295,Delhi
2020-11-24,379,Delhi
2020-11-25,413,Delhi
2020-11-26,302,Delhi
2020-11-27,137,Delhi
2020-11-28,231,Delhi
2020-11-29,256,Delhi
2020-11-30,318,Delhi
2020-12-01,367,Delhi
2020-12-02,373,Delhi
2020-12-03,341,Delhi
2020-12-04,382,Delhi
2020-12-05,404,Delhi
2020-12-06,389,Delhi
2020-12-07,400,Delhi
2020-12-08,383,Delhi
2020-12-09,358,Delhi
2020-12-10,284,Delhi
2020-12-11,295,Delhi
2020-12-12,356,Delhi
2020-12-13,305,Delhi
2020-12-14,160,Delhi
2020-12-15,230,Delhi
2020-12-16,262,Delhi
2020-12-17,256,Delhi
2020-12-18,281,Delhi
2020-12-19,290,Delhi
2020-12-20,321,Delhi
2020-12-21,332,Delhi
2020-12-22,418,Delhi
2020-12-23,433,Delhi
2020-12-24,423,Delhi
2020-12-25,357,Delhi
2020-12-26,337,Delhi
2020-12-27,396,Delhi
2020-12-28,253,Delhi
2020-12-29,265,Delhi
2020-12-30,290,Delhi
2020-12-31,347,Delhi
2021-01-01,441,Delhi
2021-01-02,443,Delhi
2021-01-03,354,Delhi
2021-01-04,151,Delhi
2021-01-05,140,Delhi
2021-01-06,226,Delhi
2021-01-07,255,Delhi
2021-01-08,234,Delhi
2021-01-09,301,Delhi
2021-01-10,245,Delhi
2021-01-11,243,Delhi
2021-01-12,293,Delhi
2021-01-13,354,Delhi
2021-01-14,429,Delhi
2021-01-15,460,Delhi
2021-01-16,407,Delhi
2021-01-17,347,Delhi
2021-01-18,372,Delhi
2021-01-19,404,Delhi
2021-01-20,283,Delhi
2021-01-21,296,Delhi
2021-01-22,364,Delhi
2021-01-23,326,Delhi
2021-01-24,364,Delhi
2021-01-25,323,Delhi
2021-01-26,330,Delhi
2021-01-27,318,Delhi
2021-01-28,357,Delhi
2021-01-29,387,Delhi
2021-01-30,309,Delhi
2021-01-31,289,Delhi
2021-02-01,352,Delhi
2021-02-02,364,Delhi
2021-02-03,330,Delhi
2021-02-04,316,Delhi
2021-02-05,133,Delhi
2021-02-06,199,Delhi
2021-02-07,232,Delhi
2021-02-08,303,Delhi
2021-02-09,305,Delhi
2021-02-10,291,Delhi
2021-02-11,330,Delhi
2021-02-12,341,Delhi
2021-02-13,334,Delhi
2021-02-14,351,Delhi
2021-02-15,313,Delhi
2021-02-16,327,Delhi
2021-02-17,324,Delhi
2021-02-18,302,Delhi
2021-02-19,311,Delhi
2021-02-20,250,Delhi
2021-02-21,296,Delhi
2021-02-22,288,Delhi
2021-02-23,250,Delhi
2021-02-24,278,Delhi
2021-02-25,298,Delhi
2021-02-26,229,Delhi
2021-02-27,203,Delhi
2021-02-28,208,Delhi
2021-03-01,177,Delhi
2021-03-02,175,Delhi
2021-03-03,188,Delhi
2021-03-04,278,Delhi
2021-03-05,255,Delhi
2021-03-06,204,Delhi
2021-03-07,256,Delhi
2021-03-08,207,Delhi
2021-03-09,283,Delhi
2021-03-10,175,Delhi
2021-03-11,242,Delhi
2021-03-12,218,Delhi
2021-03-13,209,Delhi
2021-03-14,209,Delhi
2021-03-15,206,Delhi
2021-03-16,258,Delhi
2021-03-17,311,Delhi
2021-03-18,315,Delhi
2021-03-19,279,Delhi
2021-03-20,234,Delhi
2021-03-21,244,Delhi
2021-03-22,196,Delhi
2021-03-23,244,Delhi
2021-03-24,175,Delhi
2021-03-25,148,Delhi
2021-03-26,150,Delhi
2021-03-27,199,Delhi
2021-03-28,233,Delhi
2021-03-29,225,Delhi
2021-03-30,232,Delhi
2021-03-31,203,Delhi
2021-04-01,182,Delhi
2021-04-02,176,Delhi
2021-04-03,159,Delhi
2021-04-04,171,Delhi
2021-04-05,205,Delhi
2021-04-06,279,Delhi
2021-04-07,250,Delhi
2021-04-08,153,Delhi
2021-04-09,170,Delhi
2021-04-10,181,Delhi
2021-04-11,186,Delhi
2021-04-12,241,Delhi
2021-04-13,231,Delhi
2021-04-14,199,Delhi
2021-04-15,220,Delhi
2021-04-16,238,Delhi
2021-04-17,128,Delhi
2021-04-18,154,Delhi
2021-04-19,187,Delhi
2021-04-20,191,Delhi
2021-04-21,134,Delhi
2021-04-22,140,Delhi
2021-04-23,126,Delhi
2021-04-24,125,Delhi
2021-04-25,192,Delhi
2021-04-26,256,Delhi
2021-04-27,284,Delhi
2021-04-28,312,Delhi
2021-04-29,296,Delhi
2021-04-30,287,Delhi
2021-05-01,238,Delhi
2021-05-02,174,Delhi
2021-05-03,245,Delhi
2021-05-04,173,Delhi
2021-05-05,175,Delhi
2021-05-06,156,Delhi
2021-05-07,142,Delhi
2021-05-08,173,Delhi
2021-05-09,166,Delhi
2021-05-10,136,Delhi
2021-05-11,151,Delhi
2021-05-12,115,Delhi
2021-05-13,121,Delhi
2021-05-14,132,Delhi
2021-05-15,140,Delhi
2021-05-16,166,Delhi
2021-05-17,191,Delhi
2021-05-18,93,Delhi
2021-05-19,78,Delhi
2021-05-20,58,Delhi
2021-05-21,85,Delhi
2021-05-22,94,Delhi
2021-05-23,237,Delhi
2021-05-24,169,Delhi
2021-05-25,140,Delhi
2021-05-26,149,Delhi
2021-05-27,150,Delhi
2021-05-28,106,Delhi
2021-05-29,87,Delhi
2021-05-30,101,Delhi
2021-05-31,135,Delhi
2021-06-01,115,Delhi
2021-06-02,143,Delhi
2021-06-03,159,Delhi
2021-06-04,196,Delhi
2021-06-05,124,Delhi
2021-06-06,134,Delhi
2021-06-07,180,Delhi
2021-06-08,205,Delhi
2021-06-09,305,Delhi
2021-06-10,221,Delhi
2021-06-11,145,Delhi
2021-06-12,133,Delhi
2021-06-13,83,Delhi
2021-06-14,124,Delhi
2021-06-15,113,Delhi
2021-06-16,115,Delhi
2021-06-17,108,Delhi
2021-06-18,81,Delhi
2021-06-19,70,Delhi
2021-06-20,62,Delhi
2021-06-21,84,Delhi
2021-06-22,127,Delhi
2021-06-23,218,Delhi
2021-06-24,146,Delhi
2021-06-25,163,Delhi
2021-06-26,135,Delhi
2021-06-27,168,Delhi
2021-06-28,161,Delhi
2021-06-29,195,Delhi
2021-06-30,206,Delhi
2021-07-01,266,Delhi
2021-07-02,245,Delhi
2021-07-03,139,Delhi
2021-07-04,140,Delhi
2021-07-05,149,Delhi
2021-07-06,144,Delhi
2021-07-07,178,Delhi
2021-07-08,164,Delhi
2021-07-09,144,Delhi
2021-07-10,97,Delhi
2021-07-11,94,Delhi
2021-07-12,90,Delhi
2021-07-13,80,Delhi
2021-07-14,83,Delhi
2021-07-15,83,Delhi
2021-07-16,90,Delhi
2021-07-17,117,Delhi
2021-07-18,94,Delhi
2021-07-19,62,Delhi
2021-07-20,81,Delhi
2021-07-21,74,Delhi
2021-07-22,83,Delhi
2021-07-23,68,Delhi
2021-07-24,99,Delhi
2021-07-25,107,Delhi
2021-07-26,86,Delhi
2021-07-27,98,Delhi
2021-07-28,61,Delhi
2021-07-29,63,Delhi
2021-07-30,76,Delhi
2021-07-31,57,Delhi
2021-08-01,81,Delhi
2021-08-02,95,Delhi
2021-08-03,71,Delhi
2021-08-04,69,Delhi
2021-08-05,99,Delhi
2021-08-06,104,Delhi
2021-08-07,101,Delhi
2021-08-08,109,Delhi
2021-08-09,101,Delhi
2021-08-10,101,Delhi
2021-08-11,122,Delhi
2021-08-12,114,Delhi
2021-08-13,118,Delhi
2021-08-14,116,Delhi
2021-08-15,114,Delhi
2021-08-16,121,Delhi
2021-08-17,150,Delhi
2021-08-18,152,Delhi
2021-08-19,167,Delhi
2021-08-20,111,Delhi
2021-08-21,69,Delhi
2021-08-22,59,Delhi
2021-08-23,82,Delhi
2021-08-24,100,Delhi
2021-08-25,115,Delhi
2021-08-26,114,Delhi
2021-08-27,134,Delhi
2021-08-28,147,Delhi
2021-08-29,119,Delhi
2021-08-30,81,Delhi
2021-08-31,73,Delhi
2021-09-01,64,Delhi
2021-09-02,64,Delhi
2021-09-03,70,Delhi
2021-09-04,68,Delhi
2021-09-05,88,Delhi
2021-09-06,122,Delhi
2021-09-07,98,Delhi
2021-09-08,70,Delhi
2021-09-09,75,Delhi
2021-09-10,79,Delhi
2021-09-11,61,Delhi
2021-09-12,60,Delhi
2021-09-13,89,Delhi
2021-09-14,69,Delhi
2021-09-15,70,Delhi
2021-09-16,79,Delhi
2021-09-17,62,Delhi
2021-09-18,69,Delhi
2021-09-19,82,Delhi
2021-09-20,82,Delhi
2021-09-21,83,Delhi
2021-09-22,69,Delhi
2021-09-23,68,Delhi
2021-09-24,64,Delhi
2021-09-25,80,Delhi
2021-09-26,75,Delhi
2021-09-27,108,Delhi
2021-09-28,120,Delhi
2021-09-29,81,Delhi
2021-09-30,84,Delhi
2021-10-01,108,Delhi
2021-10-02,125,Delhi
2021-10-03,105,Delhi
2021-10-04,91,Delhi
2021-10-05,115,Delhi
2021-10-06,114,Delhi
2021-10-07,127,Delhi
2021-10-08,167,Delhi
2021-10-09,171,Delhi
2021-10-10,168,Delhi
2021-10-11,166,Delhi
2021-10-12,179,Delhi
2021-10-13,171,Delhi
2021-10-14,182,Delhi
2021-10-15,198,Delhi
2021-10-16,284,Delhi
2021-10-17,298,Delhi
2021-10-18,46,Delhi
2021-10-19,69,Delhi
2021-10-20,221,Delhi
2021-10-21,199,Delhi
2021-10-22,170,Delhi
2021-10-23,173,Delhi
2021-10-24,160,Delhi
2021-10-25,82,Delhi
2021-10-26,139,Delhi
2021-10-27,232,Delhi
2021-10-28,268,Delhi
2021-10-29,283,Delhi
2021-10-30,268,Delhi
2021-10-31,289,Delhi
2021-11-01,281,Delhi
2021-11-02,303,Delhi
2021-11-03,314,Delhi
2021-11-04,382,Delhi
2021-11-05,462,Delhi
2021-11-06,437,Delhi
2021-11-07,428,Delhi
2021-11-08,390,Delhi
2021-11-09,404,Delhi
2021-11-10,372,Delhi
2021-11-11,411,Delhi
2021-11-12,471,Delhi
2021-11-13,437,Delhi
2021-11-14,330,Delhi
2021-11-15,353,Delhi
2021-11-16,403,Delhi
2021-11-17,375,Delhi
2021-11-18,347,Delhi
2021-11-19,380,Delhi
2021-11-20,374,Delhi
2021-11-21,349,Delhi
2021-11-22,311,Delhi
2021-11-23,290,Delhi
2021-11-24,361,Delhi
2021-11-25,400,Delhi
2021-11-26,406,Delhi
2021-11-27,402,Delhi
2021-11-28,405,Delhi
2021-11-29,389,Delhi
2021-11-30,328,Delhi
2021-12-01,370,Delhi
2021-12-02,429,Delhi
2021-12-03,346,Delhi
2021-12-04,362,Delhi
2021-12-05,305,Delhi
2021-12-06,322,Delhi
2021-12-07,255,Delhi
2021-12-08,237,Delhi
2021-12-09,289,Delhi
2021-12-10,314,Delhi
2021-12-11,281,Delhi
2021-12-12,254,Delhi
2021-12-13,331,Delhi
2021-12-14,367,Delhi
2021-12-15,363,Delhi
2021-12-16,368,Delhi
2021-12-17,329,Delhi
2021-12-18,291,Delhi
2021-12-19,271,Delhi
2021-12-20,332,Delhi
2021-12-21,402,Delhi
2021-12-22,407,Delhi
2021-12-23,423,Delhi
2021-12-24,415,Delhi
2021-12-25,431,Delhi
2021-12-26,459,Delhi
2021-12-27,283,Delhi
2021-12-28,305,Delhi
2021-12-29,267,Delhi
2021-12-30,286,Delhi
2021-12-31,321,Delhi
2022-01-01,362,Delhi
2022-01-02,404,Delhi
2022-01-03,387,Delhi
2022-01-04,378,Delhi
2022-01-05,397,Delhi
2022-01-06,258,Delhi
2022-01-07,182,Delhi
2022-01-08,91,Delhi
2022-01-09,69,Delhi
2022-01-10,151,Delhi
2022-01-11,224,Delhi
2022-01-12,191,Delhi
2022-01-13,321,Delhi
2022-01-14,348,Delhi
2022-01-15,258,Delhi
2022-01-16,264,Delhi
2022-01-17,327,Delhi
2022-01-18,352,Delhi
2022-01-19,322,Delhi
2022-01-20,387,Delhi
2022-01-21,365,Delhi
2022-01-22,316,Delhi
2022-01-23,202,Delhi
2022-01-24,241,Delhi
2022-01-25,234,Delhi
2022-01-26,260,Delhi
2022-01-27,262,Delhi
2022-01-28,215,Delhi
2022-01-29,251,Delhi
2022-01-30,278,Delhi
2022-01-31,338,Delhi
2022-02-01,347,Delhi
2022-02-02,319,Delhi
2022-02-03,321,Delhi
2022-02-04,152,Delhi
2022-02-05,224,Delhi
2022-02-06,285,Delhi
2022-02-07,250,Delhi
2022-02-08,270,Delhi
2022-02-09,227,Delhi
2022-02-10,172,Delhi
2022-02-11,184,Delhi
2022-02-12,191,Delhi
2022-02-13,253,Delhi
2022-02-14,239,Delhi
2022-02-15,221,Delhi
2022-02-16,272,Delhi
2022-02-17,241,Delhi
2022-02-18,252,Delhi
2022-02-19,180,Delhi
2022-02-20,173,Delhi
2022-02-21,165,Delhi
2022-02-22,252,Delhi
2022-02-23,211,Delhi
2022-02-24,307,Delhi
2022-02-25,286,Delhi
2022-02-26,102,Delhi
2022-02-27,92,Delhi
2022-02-28,107,Delhi
2022-03-01,170,Delhi
2022-03-02,225,Delhi
2022-03-03,178,Delhi
2022-03-04,199,Delhi
2022-03-05,115,Delhi
2022-03-06,162,Delhi
2022-03-07,237,Delhi
2022-03-08,283,Delhi
2022-03-09,162,Delhi
2022-03-10,150,Delhi
2022-03-11,164,Delhi
2022-03-12,160,Delhi
2022-03-13,193,Delhi
2022-03-14,231,Delhi
2022-03-15,253,Delhi
2022-03-16,218,Delhi
2022-03-17,218,Delhi
2022-03-18,293,Delhi
2022-03-19,231,Delhi
2022-03-20,242,Delhi
2022-03-21,271,Delhi
2022-03-22,180,Delhi
2022-03-23,206,Delhi
2022-03-24,280,Delhi
2022-03-25,211,Delhi
2022-03-26,207,Delhi
2022-03-27,195,Delhi
2022-03-28,251,Delhi
2022-03-29,274,Delhi
2022-03-30,276,Delhi
2022-03-31,298,Delhi
2022-04-01,218,Delhi
2022-04-02,226,Delhi
2022-04-03,245,Delhi
2022-04-04,262,Delhi
2022-04-05,233,Delhi
2022-04-06,248,Delhi
2022-04-07,264,Delhi
2022-04-08,242,Delhi
2022-04-09,261,Delhi
2022-04-10,244,Delhi
2022-04-11,258,Delhi
2022-04-12,229,Delhi
2022-04-13,286,Delhi
2022-04-14,280,Delhi
2022-04-15,201,Delhi
2022-04-16,253,Delhi
2022-04-17,251,Delhi
2022-04-18,257,Delhi
2022-04-19,317,Delhi
2022-04-20,277,Delhi
2022-04-21,296,Delhi
2022-04-22,204,Delhi
2022-04-23,245,Delhi
2022-04-24,261,Delhi
2022-04-25,244,Delhi
2022-04-26,209,Delhi
2022-04-27,287,Delhi
2022-04-28,295,Delhi
2022-04-29,299,Delhi
2022-04-30,270,Delhi
2022-05-01,256,Delhi
2022-05-02,218,Delhi
2022-05-03,227,Delhi
2022-05-04,269,Delhi
2022-05-05,146,Delhi
2022-05-06,273,Delhi
2022-05-07,206,Delhi
2022-05-08,205,Delhi
2022-05-09,171,Delhi
2022-05-10,160,Delhi
2022-05-11,156,Delhi
2022-05-12,164,Delhi
2022-05-13,176,Delhi
2022-05-14,270,Delhi
2022-05-15,242,Delhi
2022-05-16,297,Delhi
2022-05-17,239,Delhi
2022-05-18,251,Delhi
2022-05-19,202,Delhi
2022-05-20,266,Delhi
2022-05-21,285,Delhi
2022-05-22,203,Delhi
2022-05-23,136,Delhi
2022-05-24,89,Delhi
2022-05-25,166,Delhi
2022-05-26,199,Delhi
2022-05-27,206,Delhi
2022-05-28,210,Delhi
2022-05-29,273,Delhi
2022-05-30,201,Delhi
2022-05-31,215,Delhi
2022-06-01,322,Delhi
2022-06-02,202,Delhi
2022-06-03,240,Delhi
2022-06-04,227,Delhi
2022-06-05,215,Delhi
2022-06-06,195,Delhi
2022-06-07,280,Delhi
2022-06-08,346,Delhi
2022-06-09,223,Delhi
2022-06-10,303,Delhi
2022-06-11,256,Delhi
2022-06-12,249,Delhi
2022-06-13,200,Delhi
2022-06-14,222,Delhi
2022-06-15,153,Delhi
2022-06-16,132,Delhi
2022-06-17,88,Delhi
2022-06-18,79,Delhi
2022-06-19,99,Delhi
2022-06-20,124,Delhi
2022-06-21,128,Delhi
2022-06-22,139,Delhi
2022-06-23,140,Delhi
2022-06-24,197,Delhi
2022-06-25,230,Delhi
2022-06-26,169,Delhi
2022-06-27,127,Delhi
2022-06-28,137,Delhi
2022-06-29,163,Delhi
2022-06-30,116,Delhi
2022-07-01,76,Delhi
2022-07-02,95,Delhi
2022-07-03,76,Delhi
2022-07-04,113,Delhi
2022-07-05,161,Delhi
2022-07-06,104,Delhi
2022-07-07,100,Delhi
2022-07-08,94,Delhi
2022-07-09,110,Delhi
2022-07-10,71,Delhi
2022-07-11,95,Delhi
2022-07-12,100,Delhi
2022-07-13,79,Delhi
2022-07-14,87,Delhi
2022-07-15,79,Delhi
2022-07-16,81,Delhi
2022-07-17,61,Delhi
2022-07-18,92,Delhi
2022-07-19,105,Delhi
2022-07-20,98,Delhi
2022-07-21,70,Delhi
2022-07-22,140,Delhi
2022-07-23,72,Delhi
2022-07-24,72,Delhi
2022-07-25,67,Delhi
2022-07-26,69,Delhi
2022-07-27,74,Delhi
2022-07-28,68,Delhi
2022-07-29,71,Delhi
2022-07-30,58,Delhi
2022-07-31,71,Delhi
2022-08-01,71,Delhi
2022-08-02,84,Delhi
2022-08-03,122,Delhi
2022-08-04,112,Delhi
2022-08-05,72,Delhi
2022-08-06,98,Delhi
2022-08-07,118,Delhi
2022-08-08,84,Delhi
2022-08-09,112,Delhi
2022-08-10,102,Delhi
2022-08-11,75,Delhi
2022-08-12,88,Delhi
2022-08-13,80,Delhi
2022-08-14,84,Delhi
2022-08-15,62,Delhi
2022-08-16,63,Delhi
2022-08-17,60,Delhi
2022-08-18,72,Delhi
2022-08-19,71,Delhi
2022-08-20,80,Delhi
2022-08-21,117,Delhi
2022-08-22,104,Delhi
2022-08-23,83,Delhi
2022-08-24,63,Delhi
2022-08-25,96,Delhi
2022-08-26,113,Delhi
2022-08-27,105,Delhi
2022-08-28,119,Delhi
2022-08-29,144,Delhi
2022-08-30,116,Delhi
2022-08-31,124,Delhi
2022-09-01,121,Delhi
2022-09-02,110,Delhi
2022-09-03,119,Delhi
2022-09-04,115,Delhi
2022-09-05,102,Delhi
2022-09-06,119,Delhi
2022-09-07,133,Delhi
2022-09-08,136,Delhi
2022-09-09,141,Delhi
2022-09-10,110,Delhi
2022-09-11,85,Delhi
2022-09-12,84,Delhi
2022-09-13,72,Delhi
2022-09-14,71,Delhi
2022-09-15,57,Delhi
2022-09-16,47,Delhi
2022-09-17,70,Delhi
2022-09-18,119,Delhi
2022-09-19,182,Delhi
2022-09-20,130,Delhi
2022-09-21,109,Delhi
2022-09-22,66,Delhi
2022-09-23,57,Delhi
2022-09-24,54,Delhi
2022-09-25,52,Delhi
2022-09-26,100,Delhi
2022-09-27,108,Delhi
2022-09-28,140,Delhi
2022-09-29,151,Delhi
2022-09-30,173,Delhi
2022-10-01,186,Delhi
2022-10-02,181,Delhi
2022-10-03,128,Delhi
2022-10-04,150,Delhi
2022-10-05,211,Delhi
2022-10-06,79,Delhi
2022-10-07,55,Delhi
2022-10-08,56,Delhi
2022-10-09,48,Delhi
2022-10-10,44,Delhi
2022-10-11,66,Delhi
2022-10-12,143,Delhi
2022-10-13,130,Delhi
2022-10-14,154,Delhi
2022-10-15,186,Delhi
2022-10-16,232,Delhi
2022-10-17,237,Delhi
2022-10-18,241,Delhi
2022-10-19,234,Delhi
2022-10-20,232,Delhi
2022-10-21,262,Delhi
2022-10-22,265,Delhi
2022-10-23,259,Delhi
2022-10-24,312,Delhi
2022-10-25,302,Delhi
2022-10-26,271,Delhi
2022-10-27,354,Delhi
2022-10-28,357,Delhi
2022-10-29,397,Delhi
2022-10-30,352,Delhi
2022-10-31,392,Delhi
2022-11-01,424,Delhi
2022-11-02,376,Delhi
2022-11-03,450,Delhi
2022-11-04,447,Delhi
2022-11-05,381,Delhi
2022-11-06,339,Delhi
2022-11-07,354,Delhi
2022-11-08,372,Delhi
2022-11-09,260,Delhi
2022-11-10,295,Delhi
2022-11-11,346,Delhi
2022-11-12,303,Delhi
2022-11-13,303,Delhi
2022-11-14,294,Delhi
2022-11-15,227,Delhi
2022-11-16,264,Delhi
2022-11-17,260,Delhi
2022-11-18,289,Delhi
2022-11-19,280,Delhi
2022-11-20,314,Delhi
2022-11-21,310,Delhi
2022-11-22,255,Delhi
2022-11-23,237,Delhi
2022-11-24,213,Delhi
2022-11-25,294,Delhi
2022-11-26,336,Delhi
2022-11-27,328,Delhi
2022-11-28,333,Delhi
2022-11-29,369,Delhi
2022-11-30,365,Delhi
2022-12-01,368,Delhi
2022-12-02,352,Delhi
2022-12-03,370,Delhi
2022-12-04,407,Delhi
2022-12-05,347,Delhi
2022-12-06,353,Delhi
2022-12-07,304,Delhi
2022-12-08,281,Delhi
2022-12-09,314,Delhi
2022-12-10,360,Delhi
2022-12-11,306,Delhi
2022-12-12,218,Delhi
2022-12-13,177,Delhi
2022-12-14,163,Delhi
2022-12-15,189,Delhi
2022-12-16,223,Delhi
2022-12-17,304,Delhi
2022-12-18,353,Delhi
2022-12-19,410,Delhi
2022-12-20,366,Delhi
2022-12-21,328,Delhi
2022-12-22,342,Delhi
2022-12-23,359,Delhi
2022-12-24,349,Delhi
2022-12-25,308,Delhi
2022-12-26,331,Delhi
2022-12-27,339,Delhi
2022-12-28,321,Delhi
2022-12-29,306,Delhi
2022-12-30,399,Delhi
2022-12-31,349,Delhi
2023-01-01,259,Delhi
2023-01-02,357,Delhi
2023-01-03,385,Delhi
2023-01-04,343,Delhi
2023-01-05,340,Delhi
2023-01-06,400,Delhi
2023-01-07,377,Delhi
2023-01-08,375,Delhi
2023-01-09,434,Delhi
2023-01-10,407,Delhi
2023-01-11,308,Delhi
2023-01-12,371,Delhi
2023-01-13,378,Delhi
2023-01-14,353,Delhi
2023-01-15,213,Delhi
2023-01-16,270,Delhi
2023-01-17,288,Delhi
2023-01-18,306,Delhi
2023-01-19,338,Delhi
2023-01-20,226,Delhi
2023-01-21,294,Delhi
2023-01-22,407,Delhi
2023-01-23,335,Delhi
2023-01-24,237,Delhi
2023-01-25,160,Delhi
2023-01-26,298,Delhi
2023-01-27,229,Delhi
2023-01-28,236,Delhi
2023-01-29,331,Delhi
2023-01-30,207,Delhi
2023-01-31,192,Delhi
2023-02-01,164,Delhi
2023-02-02,194,Delhi
2023-02-03,199,Delhi
2023-02-04,242,Delhi
2023-02-05,244,Delhi
2023-02-06,265,Delhi
2023-02-07,285,Delhi
2023-02-08,144,Delhi
2023-02-09,212,Delhi
2023-02-10,187,Delhi
2023-02-11,275,Delhi
2023-02-12,175,Delhi
2023-02-13,135,Delhi
2023-02-14,132,Delhi
2023-02-15,190,Delhi
2023-02-16,270,Delhi
2023-02-17,367,Delhi
2023-02-18,371,Delhi
2023-02-19,331,Delhi
2023-02-20,324,Delhi
2023-02-21,245,Delhi
2023-02-22,302,Delhi
2023-02-23,227,Delhi
2023-02-24,171,Delhi
2023-02-25,225,Delhi
2023-02-26,291,Delhi
2023-02-27,260,Delhi
2023-02-28,219,Delhi
2023-03-01,181,Delhi
2023-03-02,226,Delhi
2023-03-03,152,Delhi
2023-03-04,129,Delhi
2023-03-05,142,Delhi
2023-03-06,142,Delhi
2023-03-07,173,Delhi
2023-03-08,215,Delhi
2023-03-09,119,Delhi
2023-03-10,187,Delhi
2023-03-11,200,Delhi
2023-03-12,216,Delhi
2023-03-13,231,Delhi
2023-03-14,219,Delhi
2023-03-15,213,Delhi
2023-03-16,259,Delhi
2023-03-17,188,Delhi
2023-03-18,184,Delhi
2023-03-19,162,Delhi
2023-03-20,154,Delhi
2023-03-21,75,Delhi
2023-03-22,164,Delhi
2023-03-23,151,Delhi
2023-03-24,205,Delhi
2023-03-25,78,Delhi
2023-03-26,164,Delhi
2023-03-27,146,Delhi
2023-03-28,147,Delhi
2023-03-29,198,Delhi
2023-03-30,170,Delhi
2023-03-31,73,Delhi
2023-04-01,106,Delhi
2023-04-02,128,Delhi
2023-04-03,179,Delhi
2023-04-04,109,Delhi
2023-04-05,135,Delhi
2023-04-06,142,Delhi
2023-04-07,142,Delhi
2023-04-08,172,Delhi
2023-04-09,217,Delhi
2023-04-10,195,Delhi
2023-04-11,260,Delhi
2023-04-12,213,Delhi
2023-04-13,211,Delhi
2023-04-14,249,Delhi
2023-04-15,235,Delhi
2023-04-16,229,Delhi
2023-04-17,206,Delhi
2023-04-18,235,Delhi
2023-04-19,236,Delhi
2023-04-20,159,Delhi
2023-04-21,129,Delhi
2023-04-22,141,Delhi
2023-04-23,118,Delhi
2023-04-24,160,Delhi
2023-04-25,156,Delhi
2023-04-26,210,Delhi
2023-04-27,219,Delhi
2023-04-28,150,Delhi
2023-04-29,216,Delhi
2023-04-30,132,Delhi
2023-05-01,91,Delhi
2023-05-02,76,Delhi
2023-05-03,107,Delhi
2023-05-04,113,Delhi
2023-05-05,183,Delhi
2023-05-06,234,Delhi
2023-05-07,173,Delhi
2023-05-08,131,Delhi
2023-05-09,197,Delhi
2023-05-10,203,Delhi
2023-05-11,274,Delhi
2023-05-12,227,Delhi
2023-05-13,235,Delhi
2023-05-14,259,Delhi
2023-05-15,162,Delhi
2023-05-16,259,Delhi
2023-05-17,336,Delhi
2023-05-18,149,Delhi
2023-05-19,152,Delhi
2023-05-20,186,Delhi
2023-05-21,215,Delhi
2023-05-22,199,Delhi
2023-05-23,198,Delhi
2023-05-24,158,Delhi
2023-05-25,106,Delhi
2023-05-26,98,Delhi
2023-05-27,110,Delhi
2023-05-28,134,Delhi
2023-05-29,136,Delhi
2023-05-30,115,Delhi
2023-05-31,85,Delhi
2023-06-01,96,Delhi
2023-06-02,120,Delhi
2023-06-03,121,Delhi
2023-06-04,171,Delhi
2023-06-05,166,Delhi
2023-06-06,139,Delhi
2023-06-07,239,Delhi
2023-06-08,161,Delhi
2023-06-09,152,Delhi
2023-06-10,134,Delhi
2023-06-11,130,Delhi
2023-06-12,169,Delhi
2023-06-13,205,Delhi
2023-06-14,213,Delhi
2023-06-15,154,Delhi
2023-06-16,119,Delhi
2023-06-17,119,Delhi
2023-06-18,90,Delhi
2023-06-19,75,Delhi
2023-06-20,104,Delhi
2023-06-21,91,Delhi
2023-06-22,110,Delhi
2023-06-23,132,Delhi
2023-06-24,169,Delhi
2023-06-25,71,Delhi
2023-06-26,93,Delhi
2023-06-27,86,Delhi
2023-06-28,93,Delhi
2023-06-29,101,Delhi
2023-06-30,70,Delhi
2023-07-01,69,Delhi
2023-07-02,71,Delhi
2023-07-03,118,Delhi
2023-07-04,144,Delhi
2023-07-05,96,Delhi
2023-07-06,72,Delhi
2023-07-07,77,Delhi
2023-07-08,71,Delhi
2023-07-09,64,Delhi
2023-07-10,65,Delhi
2023-07-11,69,Delhi
2023-07-12,77,Delhi
2023-07-13,77,Delhi
2023-07-14,73,Delhi
2023-07-15,100,Delhi
2023-07-16,69,Delhi
2023-07-17,85,Delhi
2023-07-18,113,Delhi
2023-07-19,77,Delhi
2023-07-20,93,Delhi
2023-07-21,109,Delhi
2023-07-22,96,Delhi
2023-07-23,73,Delhi
2023-07-24,77,Delhi
2023-07-25,102,Delhi
2023-07-26,73,Delhi
2023-07-27,92,Delhi
2023-07-28,81,Delhi
2023-07-29,59,Delhi
2023-07-30,65,Delhi
2023-07-31,89,Delhi
2023-08-01,92,Delhi
2023-08-02,91,Delhi
2023-08-03,75,Delhi
2023-08-04,105,Delhi
2023-08-05,85,Delhi
2023-08-06,101,Delhi
2023-08-07,102,Delhi
2023-08-08,110,Delhi
2023-08-09,118,Delhi
2023-08-10,133,Delhi
2023-08-11,123,Delhi
2023-08-12,126,Delhi
2023-08-13,105,Delhi
2023-08-14,114,Delhi
2023-08-15,108,Delhi
2023-08-16,109,Delhi
2023-08-17,131,Delhi
2023-08-18,153,Delhi
2023-08-19,125,Delhi
2023-08-20,91,Delhi
2023-08-21,91,Delhi
2023-08-22,106,Delhi
2023-08-23,71,Delhi
2023-08-24,85,Delhi
2023-08-25,117,Delhi
2023-08-26,152,Delhi
2023-08-27,186,Delhi
2023-08-28,144,Delhi
2023-08-29,162,Delhi
2023-08-30,154,Delhi
2023-08-31,146,Delhi
2023-09-01,140,Delhi
2023-09-02,136,Delhi
2023-09-03,136,Delhi
2023-09-04,136,Delhi
2023-09-05,121,Delhi
2023-09-06,106,Delhi
2023-09-07,105,Delhi
2023-09-08,84,Delhi
2023-09-09,55,Delhi
2023-09-10,46,Delhi
2023-09-11,54,Delhi
2023-09-12,90,Delhi
2023-09-13,106,Delhi
2023-09-14,121,Delhi
2023-09-15,100,Delhi
2023-09-16,85,Delhi
2023-09-17,63,Delhi
2023-09-18,63,Delhi
2023-09-19,73,Delhi
2023-09-20,97,Delhi
2023-09-21,113,Delhi
2023-09-22,102,Delhi
2023-09-23,108,Delhi
2023-09-24,131,Delhi
2023-09-25,118,Delhi
2023-09-26,152,Delhi
2023-09-27,129,Delhi
2023-09-28,139,Delhi
2023-09-29,157,Delhi
2023-09-30,166,Delhi
2023-10-01,146,Delhi
2023-10-02,144,Delhi
2023-10-03,154,Delhi
2023-10-04,176,Delhi
2023-10-05,177,Delhi
2023-10-06,211,Delhi
2023-10-07,215,Delhi
2023-10-08,164,Delhi
2023-10-09,174,Delhi
2023-10-10,179,Delhi
2023-10-11,191,Delhi
2023-10-12,218,Delhi
2023-10-13,255,Delhi
2023-10-14,256,Delhi
2023-10-15,232,Delhi
2023-10-16,206,Delhi
2023-10-17,87,Delhi
2023-10-18,125,Delhi
2023-10-19,118,Delhi
2023-10-20,195,Delhi
2023-10-21,246,Delhi
2023-10-22,311,Delhi
2023-10-23,263,Delhi
2023-10-24,220,Delhi
2023-10-25,243,Delhi
2023-10-26,256,Delhi
2023-10-27,259,Delhi
2023-10-28,303,Delhi
2023-10-29,324,Delhi
2023-10-30,346,Delhi
2023-10-31,357,Delhi
2023-11-01,364,Delhi
2023-11-02,392,Delhi
2023-11-03,468,Delhi
2023-11-04,415,Delhi
2023-11-05,453,Delhi
2023-11-06,421,Delhi
2023-11-07,395,Delhi
2023-11-08,426,Delhi
2023-11-09,437,Delhi
2023-11-10,278,Delhi
2023-11-11,220,Delhi
2023-11-12,218,Delhi
2023-11-13,358,Delhi
2023-11-14,396,Delhi
2023-11-15,398,Delhi
2023-11-16,418,Delhi
2023-11-17,404,Delhi
2023-11-18,318,Delhi
2023-11-19,301,Delhi
2023-11-20,348,Delhi
2023-11-21,372,Delhi
2023-11-22,395,Delhi
2023-11-23,390,Delhi
2023-11-24,415,Delhi
2023-11-25,388,Delhi
2023-11-26,397,Delhi
2023-11-27,395,Delhi
2023-11-28,311,Delhi
2023-11-29,289,Delhi
2023-11-30,398,Delhi
2023-12-01,372,Delhi
2023-12-02,352,Delhi
2023-12-03,313,Delhi
2023-12-04,310,Delhi
2023-12-05,297,Delhi
2023-12-06,285,Delhi
2023-12-07,320,Delhi
2023-12-08,325,Delhi
2023-12-09,322,Delhi
2023-12-10,314,Delhi
2023-12-11,317,Delhi
2023-12-12,355,Delhi
2023-12-13,378,Delhi
2023-12-14,326,Delhi
2023-12-15,323,Delhi
2023-12-16,355,Delhi
2023-12-17,331,Delhi
2023-12-18,330,Delhi
2023-12-19,286,Delhi
2023-12-20,285,Delhi
2023-12-21,361,Delhi
2023-12-22,409,Delhi
2023-12-23,449,Delhi
2023-12-24,411,Delhi
2023-12-25,383,Delhi
2023-12-26,377,Delhi
2023-12-27,380,Delhi
2023-12-28,358,Delhi
2023-12-29,381,Delhi
2023-12-30,400,Delhi
2023-12-31,382,Delhi
2024-01-01,346,Delhi
2024-01-02,340,Delhi
2024-01-03,341,Delhi
2024-01-04,377,Delhi
2024-01-05,333,Delhi
2024-01-06,319,Delhi
2024-01-07,333,Delhi
2024-01-08,345,Delhi
2024-01-09,343,Delhi
2024-01-10,273,Delhi
2024-01-11,348,Delhi
2024-01-12,340,Delhi
2024-01-13,398,Delhi
2024-01-14,447,Delhi
2024-01-15,359,Delhi
2024-01-16,371,Delhi
2024-01-17,368,Delhi
2024-01-18,318,Delhi
2024-01-19,348,Delhi
2024-01-20,329,Delhi
2024-01-21,349,Delhi
2024-01-22,333,Delhi
2024-01-23,368,Delhi
2024-01-24,409,Delhi
2024-01-25,332,Delhi
2024-01-26,408,Delhi
2024-01-27,356,Delhi
2024-01-28,365,Delhi
2024-01-29,356,Delhi
2024-01-30,357,Delhi
2024-01-31,391,Delhi
2024-02-01,176,Delhi
2024-02-02,215,Delhi
2024-02-03,199,Delhi
2024-02-04,274,Delhi
2024-02-05,177,Delhi
2024-02-06,140,Delhi
2024-02-07,174,Delhi
2024-02-08,161,Delhi
2024-02-09,146,Delhi
2024-02-10,295,Delhi
2024-02-11,313,Delhi
2024-02-12,300,Delhi
2024-02-13,341,Delhi
2024-02-14,340,Delhi
2024-02-15,278,Delhi
2024-02-16,268,Delhi
2024-02-17,245,Delhi
2024-02-18,270,Delhi
2024-02-19,231,Delhi
2024-02-20,226,Delhi
2024-02-21,243,Delhi
2024-02-22,150,Delhi
2024-02-23,143,Delhi
2024-02-24,193,Delhi
2024-02-25,193,Delhi
2024-02-26,172,Delhi
2024-02-27,159,Delhi
2024-02-28,141,Delhi
2024-02-29,147,Delhi
2024-03-01,208,Delhi
2024-03-02,117,Delhi
2024-03-03,126,Delhi
2024-03-04,141,Delhi
2024-03-05,125,Delhi
2024-03-06,138,Delhi
2024-03-07,181,Delhi
2024-03-08,157,Delhi
2024-03-09,145,Delhi
2024-03-10,182,Delhi
2024-03-11,201,Delhi
2024-03-12,190,Delhi
2024-03-13,165,Delhi
2024-03-14,195,Delhi
2024-03-15,128,Delhi
2024-03-16,168,Delhi
2024-03-17,193,Delhi
2024-03-18,199,Delhi
2024-03-19,222,Delhi
2024-03-20,230,Delhi
2024-03-21,171,Delhi
2024-03-22,166,Delhi
2024-03-23,232,Delhi
2024-03-24,195,Delhi
2024-03-25,197,Delhi
2024-03-26,134,Delhi
2024-03-27,178,Delhi
2024-03-28,160,Delhi
2024-03-29,176,Delhi
2024-03-30,190,Delhi
2024-03-31,243,Delhi
2024-04-01,133,Delhi
2024-04-02,144,Delhi
2024-04-03,167,Delhi
2024-04-04,173,Delhi
2024-04-05,174,Delhi
2024-04-06,168,Delhi
2024-04-07,179,Delhi
2024-04-08,191,Delhi
2024-04-09,203,Delhi
2024-04-10,222,Delhi
2024-04-11,240,Delhi
2024-04-12,232,Delhi
2024-04-13,198,Delhi
2024-04-14,141,Delhi
2024-04-15,205,Delhi
2024-04-16,228,Delhi
2024-04-17,147,Delhi
2024-04-18,164,Delhi
2024-04-19,186,Delhi
2024-04-20,219,Delhi
2024-04-21,139,Delhi
2024-04-22,129,Delhi
2024-04-23,190,Delhi
2024-04-24,178,Delhi
2024-04-25,200,Delhi
2024-04-26,197,Delhi
2024-04-27,165,Delhi
2024-04-28,176,Delhi
2024-04-29,225,Delhi
2024-04-30,189,Delhi
2024-05-01,200,Delhi
2024-05-02,197,Delhi
2024-05-03,264,Delhi
2024-05-04,282,Delhi
2024-05-05,292,Delhi
2024-05-06,248,Delhi
2024-05-07,303,Delhi
2024-05-08,225,Delhi
2024-05-09,179,Delhi
2024-05-10,180,Delhi
2024-05-11,242,Delhi
2024-05-12,184,Delhi
2024-05-13,228,Delhi
2024-05-14,235,Delhi
2024-05-15,244,Delhi
2024-05-16,236,Delhi
2024-05-17,233,Delhi
2024-05-18,262,Delhi
2024-05-19,245,Delhi
2024-05-20,228,Delhi
2024-05-21,240,Delhi
2024-05-22,193,Delhi
2024-05-23,156,Delhi
2024-05-24,157,Delhi
2024-05-25,168,Delhi
2024-05-26,191,Delhi
2024-05-27,225,Delhi
2024-05-28,246,Delhi
2024-05-29,240,Delhi
2024-05-30,230,Delhi
2024-05-31,192,Delhi
2024-06-01,245,Delhi
2024-06-02,173,Delhi
2024-06-03,155,Delhi
2024-06-04,211,Delhi
2024-06-05,251,Delhi
2024-06-06,183,Delhi
2024-06-07,231,Delhi
2024-06-08,237,Delhi
2024-06-09,182,Delhi
2024-06-10,172,Delhi
2024-06-11,223,Delhi
2024-06-12,213,Delhi
2024-06-13,195,Delhi
2024-06-14,189,Delhi
2024-06-15,186,Delhi
2024-06-16,197,Delhi
2024-06-17,169,Delhi
2024-06-18,196,Delhi
2024-06-19,306,Delhi
2024-06-20,179,Delhi
2024-06-21,175,Delhi
2024-06-22,186,Delhi
2024-06-23,145,Delhi
2024-06-24,138,Delhi
2024-06-25,134,Delhi
2024-06-26,132,Delhi
2024-06-27,74,Delhi
2024-06-28,64,Delhi
2024-06-29,118,Delhi
2024-06-30,115,Delhi
2024-07-01,105,Delhi
2024-07-02,118,Delhi
2024-07-03,108,Delhi
2024-07-04,61,Delhi
2024-07-05,77,Delhi
2024-07-06,65,Delhi
2024-07-07,56,Delhi
2024-07-08,56,Delhi
2024-07-09,84,Delhi
2024-07-10,138,Delhi
2024-07-11,113,Delhi
2024-07-12,107,Delhi
2024-07-13,102,Delhi
2024-07-14,107,Delhi
2024-07-15,109,Delhi
2024-07-16,100,Delhi
2024-07-17,90,Delhi
2024-07-18,95,Delhi
2024-07-19,124,Delhi
2024-07-20,109,Delhi
2024-07-21,103,Delhi
2024-07-22,85,Delhi
2024-07-23,93,Delhi
2024-07-24,97,Delhi
2024-07-25,109,Delhi
2024-07-26,84,Delhi
2024-07-27,131,Delhi
2024-07-28,83,Delhi
2024-07-29,76,Delhi
2024-07-30,97,Delhi
2024-07-31,96,Delhi
2024-08-01,64,Delhi
2024-08-02,76,Delhi
2024-08-03,68,Delhi
2024-08-04,64,Delhi
2024-08-05,59,Delhi
2024-08-06,61,Delhi
2024-08-07,61,Delhi
2024-08-08,54,Delhi
2024-08-09,61,Delhi
2024-08-10,71,Delhi
2024-08-11,69,Delhi
2024-08-12,56,Delhi
2024-08-13,63,Delhi
2024-08-14,79,Delhi
2024-08-15,72,Delhi
2024-08-16,63,Delhi
2024-08-17,74,Delhi
2024-08-18,83,Delhi
2024-08-19,84,Delhi
2024-08-20,66,Delhi
2024-08-21,87,Delhi
2024-08-22,85,Delhi
2024-08-23,77,Delhi
2024-08-24,105,Delhi
2024-08-25,77,Delhi
2024-08-26,72,Delhi
2024-08-27,64,Delhi
2024-08-28,70,Delhi
2024-08-29,58,Delhi
2024-08-30,102,Delhi
2024-08-31,92,Delhi
2024-09-01,101,Delhi
2024-09-02,87,Delhi
2024-09-03,89,Delhi
2024-09-04,69,Delhi
2024-09-05,83,Delhi
2024-09-06,95,Delhi
2024-09-07,71,Delhi
2024-09-08,91,Delhi
2024-09-09,114,Delhi
2024-09-10,106,Delhi
2024-09-11,71,Delhi
2024-09-12,64,Delhi
2024-09-13,52,Delhi
2024-09-14,62,Delhi
2024-09-15,107,Delhi
2024-09-16,139,Delhi
2024-09-17,172,Delhi
2024-09-18,115,Delhi
2024-09-19,56,Delhi
2024-09-20,98,Delhi
2024-09-21,116,Delhi
2024-09-22,162,Delhi
2024-09-23,165,Delhi
2024-09-24,195,Delhi
2024-09-25,233,Delhi
2024-09-26,94,Delhi
2024-09-27,80,Delhi
2024-09-28,66,Delhi
2024-09-29,74,Delhi
2024-09-30,126,Delhi
2024-10-01,149,Delhi
2024-10-02,173,Delhi
2024-10-03,162,Delhi
2024-10-04,184,Delhi
2024-10-05,145,Delhi
2024-10-06,143,Delhi
2024-10-07,126,Delhi
2024-10-08,167,Delhi
2024-10-09,164,Delhi
2024-10-10,132,Delhi
2024-10-11,141,Delhi
2024-10-12,155,Delhi
2024-10-13,224,Delhi
2024-10-14,234,Delhi
2024-10-15,198,Delhi
2024-10-16,230,Delhi
2024-10-17,285,Delhi
2024-10-18,292,Delhi
2024-10-19,278,Delhi
2024-10-20,277,Delhi
2024-10-21,310,Delhi
2024-10-22,327,Delhi
2024-10-23,364,Delhi
2024-10-24,306,Delhi
2024-10-25,270,Delhi
2024-10-26,255,Delhi
2024-10-27,356,Delhi
2024-10-28,304,Delhi
2024-10-29,268,Delhi
2024-10-30,307,Delhi
2024-10-31,328,Delhi
2024-11-01,339,Delhi
2024-11-02,318,Delhi
2024-11-03,381,Delhi
2024-11-04,380,Delhi
2024-11-05,372,Delhi
2024-11-06,351,Delhi
2024-11-07,377,Delhi
2024-11-08,379,Delhi
2024-11-09,350,Delhi
2024-11-10,334,Delhi
2024-11-11,352,Delhi
2024-11-12,334,Delhi
2024-11-13,418,Delhi
2024-11-14,424,Delhi
2024-11-15,396,Delhi
2024-11-16,417,Delhi
2024-11-17,441,Delhi
2024-11-18,494,Delhi
2024-11-19,460,Delhi
2024-11-20,419,Delhi
2024-11-21,371,Delhi
2024-11-22,393,Delhi
2024-11-23,412,Delhi
2024-11-24,318,Delhi
2024-11-25,349,Delhi
2024-11-26,343,Delhi
2024-11-27,303,Delhi
2024-11-28,325,Delhi
2024-11-29,331,Delhi
2024-11-30,346,Delhi
2024-12-01,285,Delhi
2024-12-02,280,Delhi
2024-12-03,268,Delhi
2024-12-04,178,Delhi
2024-12-05,165,Delhi
2024-12-06,197,Delhi
2024-12-07,233,Delhi
2024-12-08,302,Delhi
2024-12-09,186,Delhi
2024-12-10,234,Delhi
2024-12-11,199,Delhi
2024-12-12,288,Delhi
2024-12-13,262,Delhi
2024-12-14,193,Delhi
2024-12-15,294,Delhi
2024-12-16,379,Delhi
2024-12-17,433,Delhi
2024-12-18,445,Delhi
2024-12-19,451,Delhi
2024-12-20,429,Delhi
2024-12-21,370,Delhi
2024-12-22,409,Delhi
2024-12-23,406,Delhi
2024-12-24,369,Delhi
2024-12-25,336,Delhi
2024-12-26,345,Delhi
2024-12-27,353,Delhi
2024-12-28,139,Delhi
2024-12-29,225,Delhi
2024-12-30,173,Delhi
2024-12-31,283,Delhi
2025-01-01,328,Delhi
2025-01-02,318,Delhi
2025-01-03,371,Delhi
2025-01-04,378,Delhi
2025-01-05,339,Delhi
2025-01-06,335,Delhi
2025-01-07,296,Delhi
2025-01-08,297,Delhi
2025-01-09,357,Delhi
2025-01-10,397,Delhi
2025-01-11,327,Delhi
2025-01-12,278,Delhi
2025-01-13,248,Delhi
2025-01-14,275,Delhi
2025-01-15,386,Delhi
2025-01-16,302,Delhi
2025-01-17,289,Delhi
2025-01-18,255,Delhi
2025-01-19,368,Delhi
2025-01-20,314,Delhi
2025-01-21,289,Delhi
2025-01-22,260,Delhi
2025-01-23,257,Delhi
2025-01-24,199,Delhi
2025-01-25,174,Delhi
2025-01-26,216,Delhi
2025-01-27,268,Delhi
2025-01-28,276,Delhi
2025-01-29,365,Delhi
2025-01-30,363,Delhi
2025-01-31,351,Delhi
2025-02-01,355,Delhi
2025-02-02,326,Delhi
2025-02-03,286,Delhi
2025-02-04,264,Delhi
2025-02-05,284,Delhi
2025-02-06,210,Delhi
2025-02-07,156,Delhi
2025-02-08,152,Delhi
2025-02-09,227,Delhi
2025-02-10,271,Delhi
2025-02-11,293,Delhi
2025-02-12,212,Delhi
2025-02-13,134,Delhi
2025-02-14,131,Delhi
2025-02-15,191,Delhi
2025-02-16,294,Delhi
2025-02-17,231,Delhi
2025-02-18,209,Delhi
2025-02-19,180,Delhi
2025-02-20,160,Delhi
2025-02-21,158,Delhi
2025-02-22,155,Delhi
2025-02-23,144,Delhi
2025-02-24,186,Delhi
2025-02-25,208,Delhi
2025-02-26,247,Delhi
2025-02-27,215,Delhi
2025-02-28,121,Delhi
2025-03-01,126,Delhi
2025-03-02,125,Delhi
2025-03-03,156,Delhi
2025-03-04,148,Delhi
2025-03-05,119,Delhi
2025-03-06,124,Delhi
2025-03-07,202,Delhi
2025-03-08,158,Delhi
2025-03-09,209,Delhi
2025-03-10,197,Delhi
2025-03-11,262,Delhi
2025-03-12,228,Delhi
2025-03-13,179,Delhi
2025-03-14,198,Delhi
2025-03-15,85,Delhi
2025-03-16,99,Delhi
2025-03-17,108,Delhi
2025-03-18,145,Delhi
2025-03-19,160,Delhi
2025-03-20,156,Delhi
2025-03-21,144,Delhi
2025-03-22,161,Delhi
2025-03-23,194,Delhi
2025-03-24,206,Delhi
2025-03-25,234,Delhi
2025-03-26,231,Delhi
2025-03-27,259,Delhi
2025-03-28,205,Delhi
2025-03-29,153,Delhi
2025-03-30,138,Delhi
2025-03-31,160,Delhi
